<?xml version="1.0" encoding="UTF-8" standalone="yes"?>
<addon id="plugin.video.pancaspremium"
       name="Pancas Premium"
       version="1.0.1"
       provider-name="Maniac Team">
  <requires>
    <import addon="xbmc.python" version="2.1.0"/>
  </requires>
  <extension point="xbmc.python.pluginsource"
            library="default.py">
        <provides>video</provides>
  </extension>
  <extension point="xbmc.addon.metadata">
    <summary lang="en">Veja Pancas TV Premium criado para si e a pensar em si</summary>
    <language>en</language>
    <description lang="en"></description>
     <platform>all</platform>
  </extension>
</addon>
