<?xml version="1.0" encoding="UTF-8" standalone="yes"?>
<addon id="repository.pancas" name="Pancas Addon Repository" version="1.0" provider-name="Mario">
	<extension point="xbmc.addon.repository" name="Mario Addon Repository">
    <dir>
            <info compressed="false">https://raw.githubusercontent.com/Sup3Roque/Pancas/master/addons.xml</info>
            <checksum>https://raw.githubusercontent.com/Sup3Roque/Pancas/master/addons.xml.md5</checksum>
            <datadir zip="true">https://raw.githubusercontent.com/Sup3Roque/Pancas/master/zips</datadir>
    </dir>
    

	</extension>

</addon>
