<?xml version="1.0" encoding="UTF-8" standalone="yes"?>
<addon id="repository.pancas" name="Pancas" version="1.0" provider-name="Mario">
	<extension point="xbmc.addon.repository" name="HELLO Addon Repository">
		<info compressed="false">http://github.com/CHANGEME/Sup3Roque/Pancas/master/addons.xml</info>
		<checksum>http://github.com/Sup3Roque/Pancas/raw/master/addons.xml.md5</checksum>
		<datadir zip="true">http://github.com/Sup3Roque/Pancas/raw/master/zips</datadir>
	</extension>
	<extension point="xbmc.addon.metadata">
		<summary>Pancadas TV</summary>
		<description>Download and install addons from Mario</description>
		<platform>all</platform>
	</extension>
</addon>

