<?xml version="1.0.0" encoding="UTF-8" standalone="yes"?>
<addon id="plugin.video.PancasPremium"
       name="PancasPremium"
       version="1.0.0"
       provider-name="ManiacTeam">
  <requires>
    <import addon="xbmc.python" version="2.1.0"/>
  </requires>
  <extension point="xbmc.python.pluginsource"
            library="default.py">
        <provides>video</provides>
  </extension>
  <extension point="xbmc.addon.metadata">
    <summary lang="en">Watch Pancas TV channels</summary>
    <language>en</language>
    <description lang="en"></description>
     <platform>all</platform>
  </extension>
</addon>
