<?xml version="1.0" encoding="UTF-8" standalone="yes"?>
<addon id="plugin.program.pancaswizard" name="Pancas Wizard" version="1.0.0" provider-name="http://tiny.cc/PancasFacebook">
  <requires>
    <import addon="xbmc.python" version="2.1.0"/>
	<import addon="script.module.addon.common" />


  </requires>
  <extension point="xbmc.python.pluginsource" library="default.py">
        <provides>executable</provides>
  </extension>
  <extension point="xbmc.addon.metadata">
		<summary>Wizard da [COLOR aqua]Pancas Team[/COLOR]</summary>
		<description>Fork from PsychoWizard, thanks you guys!!!</description>
		<disclaimer></disclaimer>    
	<platform>all</platform>
  </extension>
</addon>
