<?xml version="1.0" encoding="UTF-8" standalone="yes"?>
<addon id="plugin.video.Anima.PT"
       name="Anima.PT"
       version="1.0.2"
       provider-name="Animação PT">
  <requires>
    <import addon="xbmc.python" version="2.1.0"/>
	<import addon="script.module.beautifulsoup" version="3.2.1"/>
	<import addon="script.module.simple.downloader" version="0.9.4"/>
	<import addon="script.module.beautifulsoup4"/>
	<import addon="script.module.requests"/>
	<import addon="script.module.httplib2"/>
    <import addon="script.module.simplejson" version="3.3.0"/>
    <import addon="script.module.urlresolver"  version="2.1.2"/>
    <import addon="script.common.plugin.cache" version="2.5.2"/>
    <import addon="script.module.metahandler" version="2.5.1"/>
    <import addon="plugin.video.youtube" optional="true" />
  </requires>
  <extension point="xbmc.python.pluginsource" library="default.py">
        <provides>video</provides>
  </extension>
  <extension point="xbmc.addon.metadata">
    <summary lang="en">Desenhos animados em Português</summary>
    <description lang="en">Criado para vocês! Obrigado por estarem nas nossas vidas.</description>
    <platform>all</platform>
  </extension>
</addon>
